INSERT INTO `student` (`fullname`, `cin`, `cne`, `ddn`, `ldn`, `genre`, `nationalite`, `annee`, `serie`, `Mention`, `telephone`, `email`, `filiere`, `selected_program`) VALUES
('Ahmed Alaoui', 'K111111', 'R111111111', '2003-01-01', 'Tanger', 'M', 'Moroccan', '2021', 'PC', 'TB', '0611111111', 'ahmed.alaoui@rand.ma', 'DEUST', 'ci'),
('Fatima Benani', 'K222222', 'R222222222', '2003-02-02', 'Tetouan', 'F', 'Moroccan', '2021', 'PC', 'B', '0622222222', 'fatima.benani@rand.ma', 'DEUST', 'ci'),
('Youssef Amrani', 'K333333', 'R333333333', '2003-03-03', 'Tanger', 'M', 'Moroccan', '2021', 'PC', 'TB', '0633333333', 'youssef.amrani@rand.ma', 'DEUST', 'ci'),
('Sara Chakri', 'K444444', 'R444444444', '2003-04-04', 'Tetouan', 'F', 'Moroccan', '2021', 'PC', 'B', '0644444444', 'sara.chakri@rand.ma', 'DEUST', 'ci'),
('Karim Bennani', 'K555555', 'R555555555', '2003-05-05', 'Tanger', 'M', 'Moroccan', '2021', 'PC', 'AB', '0655555555', 'karim.bennani@rand.ma', 'DEUST', 'ci'),
('Nada Ziani', 'K666666', 'R666666666', '2003-06-06', 'Tetouan', 'F', 'Moroccan', '2021', 'PC', 'TB', '0666666666', 'nada.ziani@rand.ma', 'DEUST', 'ci'),
('Omar Tazi', 'K777777', 'R777777777', '2003-07-07', 'Tanger', 'M', 'Moroccan', '2021', 'PC', 'B', '0677777777', 'omar.tazi@rand.ma', 'DEUST', 'ci'),
('Leila Fassi', 'K888888', 'R888888888', '2003-08-08', 'Tetouan', 'F', 'Moroccan', '2021', 'PC', 'TB', '0688888888', 'leila.fassi@rand.ma', 'DEUST', 'ci'),
('Hamza Rahal', 'K999999', 'R999999999', '2003-09-09', 'Tanger', 'M', 'Moroccan', '2021', 'PC', 'B', '0699999999', 'hamza.rahal@rand.ma', 'DEUST', 'ci'),
('Amina Idrissi', 'K101010', 'R101010101', '2003-10-10', 'Tetouan', 'F', 'Moroccan', '2021', 'PC', 'TB', '0610101010', 'amina.idrissi@rand.ma', 'DEUST', 'ci'),
('Mehdi Alami', 'K121212', 'R121212121', '2003-11-11', 'Tanger', 'M', 'Moroccan', '2021', 'PC', 'B', '0612121212', 'mehdi.alami@rand.ma', 'DEUST', 'ci'),
('Yasmine Berrada', 'K131313', 'R131313131', '2003-12-12', 'Tetouan', 'F', 'Moroccan', '2021', 'PC', 'TB', '0613131313', 'yasmine.berrada@rand.ma', 'DEUST', 'ci'),
('Hassan El Fassi', 'K141414', 'R141414141', '2003-01-14', 'Tanger', 'M', 'Moroccan', '2021', 'PC', 'B', '0614141414', 'hassan.elfassi@rand.ma', 'DEUST', 'ci'),
('Salma Bouzid', 'K151515', 'R151515151', '2003-02-15', 'Tetouan', 'F', 'Moroccan', '2021', 'PC', 'TB', '0615151515', 'salma.bouzid@rand.ma', 'DEUST', 'ci'),
('Nabil Kabbaj', 'K161616', 'R161616161', '2003-03-16', 'Tanger', 'M', 'Moroccan', '2021', 'PC', 'B', '0616161616', 'nabil.kabbaj@rand.ma', 'DEUST', 'ci'),
('Rania El Idrissi', 'K171717', 'R171717171', '2003-04-17', 'Tetouan', 'F', 'Moroccan', '2021', 'PC', 'TB', '0617171717', 'rania.elidrissi@rand.ma', 'DEUST', 'ci'),
('Samir El Yousfi', 'K181818', 'R181818181', '2003-05-18', 'Tanger', 'M', 'Moroccan', '2021', 'PC', 'B', '0618181818', 'samir.elyousfi@rand.ma', 'DEUST', 'ci'),
('Meryem El Amrani', 'K191919', 'R191919191', '2003-06-19', 'Tetouan', 'F', 'Moroccan', '2021', 'PC', 'TB', '0619191919', 'meryem.elamrani@rand.ma', 'DEUST', 'ci'),
('Othman El Khatib', 'K202020', 'R202020202', '2003-07-20', 'Tanger', 'M', 'Moroccan', '2021', 'PC', 'B', '0620202020', 'othman.elkhatib@rand.ma', 'DEUST', 'ci'),
('Imane El Mansouri', 'K212121', 'R212121212', '2003-08-21', 'Tetouan', 'F', 'Moroccan', '2021', 'PC', 'TB', '0621212121', 'imane.elmansouri@rand.ma', 'DEUST', 'ci'),
('Ali El Idrissi', 'K222222', 'R222222222', '2003-09-22', 'Tanger', 'M', 'Moroccan', '2021', 'PC', 'B', '0622222222', 'ali.elidrissi@rand.ma', 'DEUST', 'ci'),
('Khadija El Fassi', 'K232323', 'R232323232', '2003-10-23', 'Tetouan', 'F', 'Moroccan', '2021', 'PC', 'TB', '0623232323', 'khadija.elfassi@rand.ma', 'DEUST', 'ci'),
('Mohamed El Amrani', 'K242424', 'R242424242', '2003-11-24', 'Tanger', 'M', 'Moroccan', '2021', 'PC', 'B', '0624242424', 'mohamed.elamrani@rand.ma', 'DEUST', 'ci'),
('Laila El Khatib', 'K252525', 'R252525252', '2003-12-25', 'Tetouan', 'F', 'Moroccan', '2021', 'PC', 'TB', '0625252525', 'laila.elkhatib@rand.ma', 'DEUST', 'ci'),
('Yassine El Mansouri', 'K262626', 'R262626262', '2003-01-26', 'Tanger', 'M', 'Moroccan', '2021', 'PC', 'B', '0626262626', 'yassine.elmansouri@rand.ma', 'DEUST', 'ci'),
('Noura El Idrissi', 'K272727', 'R272727272', '2003-02-27', 'Tetouan', 'F', 'Moroccan', '2021', 'PC', 'TB', '0627272727', 'noura.elidrissi@rand.ma', 'DEUST', 'ci'),
('Hicham El Fassi', 'K282828', 'R282828282', '2003-03-28', 'Tanger', 'M', 'Moroccan', '2021', 'PC', 'B', '0628282828', 'hicham.elfassi@rand.ma', 'DEUST', 'ci'),
('Siham Bouzid', 'K292929', 'R292929292', '2003-04-29', 'Tetouan', 'F', 'Moroccan', '2021', 'PC', 'TB', '0629292929', 'siham.bouzid@rand.ma', 'DEUST', 'ci'),
('Rachid Kabbaj', 'K303030', 'R303030303', '2003-05-30', 'Tanger', 'M', 'Moroccan', '2021', 'PC', 'B', '0630303030', 'rachid.kabbaj@rand.ma', 'DEUST', 'ci'),
('Zineb El Idrissi', 'K313131', 'R313131313', '2003-06-31', 'Tetouan', 'F', 'Moroccan', '2021', 'PC', 'TB', '0631313131', 'zineb.elidrissi@rand.ma', 'DEUST', 'ci');


INSERT INTO `cycle` (`fullname`, `cin`, `cne`, `ddn`, `ldn`, `genre`, `nationalite`, `annee`, `serie`, `Mention`, `telephone`, `email`, `filiere`, `moyen1`, `classement`) VALUES
('Ahmed Alaoui', 'K111111', 'R111111111', '2003-01-01', 'Tanger', 'M', 'Moroccan', '2021', 'PC', 'TB', '0611111111', 'ahmed.alaoui@rand.ma', 'DEUST', 15.5, 'LSI'),
('Fatima Benani', 'K222222', 'R222222222', '2003-02-02', 'Tetouan', 'F', 'Moroccan', '2021', 'PC', 'B', '0622222222', 'fatima.benani@rand.ma', 'DEUST', 14.0, 'LSI'),
('Youssef Amrani', 'K333333', 'R333333333', '2003-03-03', 'Tanger', 'M', 'Moroccan', '2021', 'PC', 'TB', '0633333333', 'youssef.amrani@rand.ma', 'DEUST', 16.0, 'LSI'),
('Sara Chakri', 'K444444', 'R444444444', '2003-04-04', 'Tetouan', 'F', 'Moroccan', '2021', 'PC', 'B', '0644444444', 'sara.chakri@rand.ma', 'DEUST', 13.5, 'LSI'),
('Karim Bennani', 'K555555', 'R555555555', '2003-05-05', 'Tanger', 'M', 'Moroccan', '2021', 'PC', 'AB', '0655555555', 'karim.bennani@rand.ma', 'DEUST', 12.5, 'LSI'),
('Nada Ziani', 'K666666', 'R666666666', '2003-06-06', 'Tetouan', 'F', 'Moroccan', '2021', 'PC', 'TB', '0666666666', 'nada.ziani@rand.ma', 'DEUST', 15.0, 'LSI'),
('Omar Tazi', 'K777777', 'R777777777', '2003-07-07', 'Tanger', 'M', 'Moroccan', '2021', 'PC', 'B', '0677777777', 'omar.tazi@rand.ma', 'DEUST', 14.5, 'LSI'),
('Leila Fassi', 'K888888', 'R888888888', '2003-08-08', 'Tetouan', 'F', 'Moroccan', '2021', 'PC', 'TB', '0688888888', 'leila.fassi@rand.ma', 'DEUST', 16.5, 'LSI'),
('Hamza Rahal', 'K999999', 'R999999999', '2003-09-09', 'Tanger', 'M', 'Moroccan', '2021', 'PC', 'B', '0699999999', 'hamza.rahal@rand.ma', 'DEUST', 13.0, 'LSI'),
('Amina Idrissi', 'K101010', 'R101010101', '2003-10-10', 'Tetouan', 'F', 'Moroccan', '2021', 'PC', 'TB', '0610101010', 'amina.idrissi@rand.ma', 'DEUST', 15.0, 'LSI'),
('Mehdi Alami', 'K121212', 'R121212121', '2003-11-11', 'Tanger', 'M', 'Moroccan', '2021', 'PC', 'B', '0612121212', 'mehdi.alami@rand.ma', 'DEUST', 14.0, 'GI'),
('Yasmine Berrada', 'K131313', 'R131313131', '2003-12-12', 'Tetouan', 'F', 'Moroccan', '2021', 'PC', 'TB', '0613131313', 'yasmine.berrada@rand.ma', 'DEUST', 15.5, 'GI'),
('Hassan El Fassi', 'K141414', 'R141414141', '2003-01-14', 'Tanger', 'M', 'Moroccan', '2021', 'PC', 'B', '0614141414', 'hassan.elfassi@rand.ma', 'DEUST', 13.5, 'GI'),
('Salma Bouzid', 'K151515', 'R151515151', '2003-02-15', 'Tetouan', 'F', 'Moroccan', '2021', 'PC', 'TB', '0615151515', 'salma.bouzid@rand.ma', 'DEUST', 14.5, 'GI'),
('Nabil Kabbaj', 'K161616', 'R161616161', '2003-03-16', 'Tanger', 'M', 'Moroccan', '2021', 'PC', 'B', '0616161616', 'nabil.kabbaj@rand.ma', 'DEUST', 12.0, 'GI'),
('Rania El Idrissi', 'K171717', 'R171717171', '2003-04-17', 'Tetouan', 'F', 'Moroccan', '2021', 'PC', 'TB', '0617171717', 'rania.elidrissi@rand.ma', 'DEUST', 15.0, 'GI'),
('Samir El Yousfi', 'K181818', 'R181818181', '2003-05-18', 'Tanger', 'M', 'Moroccan', '2021', 'PC', 'B', '0618181818', 'samir.elyousfi@rand.ma', 'DEUST', 14.0, 'GI'),
('Meryem El Amrani', 'K191919', 'R191919191', '2003-06-19', 'Tetouan', 'F', 'Moroccan', '2021', 'PC', 'TB', '0619191919', 'meryem.elamrani@rand.ma', 'DEUST', 16.0, 'GEO'),
('Othman El Khatib', 'K202020', 'R202020202', '2003-07-20', 'Tanger', 'M', 'Moroccan', '2021', 'PC', 'B', '0620202020', 'othman.elkhatib@rand.ma', 'DEUST', 14.5, 'GEO'),
('Imane El Mansouri', 'K212121', 'R212121212', '2003-08-21', 'Tetouan', 'F', 'Moroccan', '2021', 'PC', 'TB', '0621212121', 'imane.elmansouri@rand.ma', 'DEUST', 15.5, 'GEMI');


INSERT INTO `master` (`fullname`, `cin`, `cne`, `ddn`, `ldn`, `genre`, `nationalite`, `annee`, `serie`, `Mention`, `telephone`, `email`, `filiere`, `moyen1`, `moyen2`, `classement`) VALUES
('Ali El Idrissi', 'K222222', 'R222222222', '2003-09-22', 'Tanger', 'M', 'Moroccan', '2021', 'PC', 'B', '0622222222', 'ali.elidrissi@rand.ma', 'DEUST', 14.0, 15.0, 'AISD'),
('Khadija El Fassi', 'K232323', 'R232323232', '2003-10-23', 'Tetouan', 'F', 'Moroccan', '2021', 'PC', 'TB', '0623232323', 'khadija.elfassi@rand.ma', 'DEUST', 15.0, 16.0, 'AISD'),
('Mohamed El Amrani', 'K242424', 'R242424242', '2003-11-24', 'Tanger', 'M', 'Moroccan', '2021', 'PC', 'TB', '0624242424', 'mohamed.elamrani@rand.ma', 'DEUST', 16.0, 17.0, 'AISD'),
('Sara El Khatib', 'K252525', 'R252525252', '2003-12-25', 'Tetouan', 'F', 'Moroccan', '2021', 'PC', 'B', '0625252525', 'sara.elkhatib@rand.ma', 'DEUST', 14.5, 15.5, 'AISD'),
('Youssef El Mansouri', 'K262626', 'R262626262', '2003-01-26', 'Tanger', 'M', 'Moroccan', '2021', 'PC', 'TB', '0626262626', 'youssef.elmansouri@rand.ma', 'DEUST', 15.5, 16.5, 'MMSD'),
('Fatima El Idrissi', 'K272727', 'R272727272', '2003-02-27', 'Tetouan', 'F', 'Moroccan', '2021', 'PC', 'B', '0627272727', 'fatima.elidrissi@rand.ma', 'DEUST', 14.0, 15.0, 'MMSD'),
('Omar El Fassi', 'K282828', 'R282828282', '2003-03-28', 'Tanger', 'M', 'Moroccan', '2021', 'PC', 'TB', '0628282828', 'omar.elfassi@rand.ma', 'DEUST', 15.0, 16.0, 'MMSD'),
('Leila El Amrani', 'K292929', 'R292929292', '2003-04-29', 'Tetouan', 'F', 'Moroccan', '2021', 'PC', 'B', '0629292929', 'leila.elamrani@rand.ma', 'DEUST', 16.0, 17.0, 'MMSD'),
('Hamza El Khatib', 'K303030', 'R303030303', '2003-05-30', 'Tanger', 'M', 'Moroccan', '2021', 'PC', 'TB', '0630303030', 'hamza.elkhatib@rand.ma', 'DEUST', 14.5, 15.5, 'ITBD'),
('Amina El Mansouri', 'K313131', 'R313131313', '2003-06-31', 'Tetouan', 'F', 'Moroccan', '2021', 'PC', 'B', '0631313131', 'amina.elmansouri@rand.ma', 'DEUST', 15.0, 16.0, 'ITBD'),
('Rachid El Idrissi', 'K323232', 'R323232323', '2003-07-32', 'Tanger', 'M', 'Moroccan', '2021', 'PC', 'TB', '0632323232', 'rachid.elidrissi@rand.ma', 'DEUST', 16.0, 17.0, 'ITBD');